Sample_ID	Age	Genome_Altered	Mutation_Count	Sample_Type	Tumor_Type
AU565_BREAST	43	0.708	559	Metastasis	breast
BT20_BREAST	74	0.9378	416	Primary	breast
BT474_BREAST	60	0.6866	1025	Primary	breast
BT483_BREAST	23	0.6357	531	Primary	breast
BT549_BREAST	72	0.5853	200	Primary	breast
C2BBE1_LARGE_INTESTINE	72	0.411	319	Primary	colorectal
CAL120_BREAST	43	0.548	181	Metastasis	breast
CAL148_BREAST	58	0.2155	577	Metastasis	breast
CAL51_BREAST	45	0.033	824	Metastasis	breast
CAL851_BREAST	35	0.7438	216	Primary	breast
CAMA1_BREAST	51	0.5173	455	Metastasis	breast
CCK81_LARGE_INTESTINE		0.3967	3068	Primary	colorectal
CL11_LARGE_INTESTINE		0.1879	182	Primary	colorectal
CL14_LARGE_INTESTINE		0.6185	239	Primary	colorectal
CL34_LARGE_INTESTINE		0.149	1278	Primary	colorectal
CL40_LARGE_INTESTINE		0.1004	300	Primary	colorectal
COLO201_LARGE_INTESTINE	70		257	Metastasis	colorectal
COLO205_LARGE_INTESTINE	70	0.4437	307	Metastasis	colorectal
COLO320_LARGE_INTESTINE	55	0.7352	324	Primary	colorectal
COLO678_LARGE_INTESTINE	69	0.4583	395	Metastasis	colorectal
CW2_LARGE_INTESTINE	55	0.0293	8244	Primary	colorectal
DLD1_LARGE_INTESTINE		0.044		Primary	colorectal
DU4475_BREAST	62	0.2617	257	Metastasis	breast
EFM192A_BREAST	46	0.5781	191	Metastasis	breast
EFM19_BREAST	50	0.6591	252	Metastasis	breast
EVSAT_BREAST		0.6389	539	Metastasis	breast
GP2D_LARGE_INTESTINE	71	0.0418	5055	Primary	colorectal
HCC1143_BREAST	52	0.6757	240	Primary	breast
HCC1187_BREAST	41	0.873	210	Primary	breast
HCC1395_BREAST	43	0.8123	463	Primary	breast
HCC1419_BREAST	42	0.4088	228	Primary	breast
HCC1428_BREAST	49	0.6509	352	Metastasis	breast
HCC1500_BREAST	32	0.8699	211	Primary	breast
HCC1569_BREAST	70	0.542	2178	Primary	breast
HCC1599_BREAST	44	0.6315	361	Primary	breast
HCC1806_BREAST	60	0.446	278	Primary	breast
HCC1937_BREAST	24	0.6607	275	Primary	breast
HCC1954_BREAST	61	0.5262	321	Primary	breast
HCC202_BREAST	82	0.67	479	Primary	breast
HCC2157_BREAST	48	0.8813	390	Primary	breast
HCC2218_BREAST	38	0.4123	374	Primary	breast
HCC38_BREAST	50	0.6557	312	Primary	breast
HCC56_LARGE_INTESTINE		0.5288	388	Primary	colorectal
HCC70_BREAST	49	0.6942	258	Primary	breast
HCT116_LARGE_INTESTINE		0.082	3180	Primary	colorectal
HCT15_LARGE_INTESTINE		0.0269	7752	Primary	colorectal
HCT8_LARGE_INTESTINE	67			Primary	colorectal
HDQP1_BREAST	50	0.6336	378	Primary	breast
HMC18_BREAST	35	0.5413	435	Metastasis	breast
HMEL_BREAST		0.0581	119		breast
HRT18_LARGE_INTESTINE	67	0.0592	613	Primary	colorectal
HS255T_FIBROBLAST	46		51	Primary	colorectal
HS274T_FIBROBLAST	66			Primary	breast
HS281T_FIBROBLAST	37		75	Primary	breast
HS343T_FIBROBLAST	47		87	Primary	breast
HS578T_BREAST	74	0.7946	205	Primary	breast
HS606T_FIBROBLAST	44		186	Primary	breast
HS675T_FIBROBLAST			125	Primary	colorectal
HS698T_FIBROBLAST	70		118	Metastasis	colorectal
HS739T_FIBROBLAST	52		117	Primary	breast
HS742T_FIBROBLAST	71		74	Primary	breast
HT115_LARGE_INTESTINE		0.1873	5733	Primary	colorectal
HT29_LARGE_INTESTINE	44	0.4374	413	Primary	colorectal
HT55_LARGE_INTESTINE		0.5524	1117	Primary	colorectal
JIMT1_BREAST	62	0.8808	199	Metastasis	breast
KM12_LARGE_INTESTINE		0.1304	3303	Primary	colorectal
KPL1_BREAST	50	0.4622	187	Metastasis	breast
LOVO_LARGE_INTESTINE	56	0.2092	2308	Metastasis	colorectal
LS1034_LARGE_INTESTINE	54	0.3562	367	Primary	colorectal
LS123_LARGE_INTESTINE	65	0.7928	399	Primary	colorectal
LS180_LARGE_INTESTINE	58	0.026	2270	Primary	colorectal
LS411N_LARGE_INTESTINE	32	0.2807	5450	Primary	colorectal
LS513_LARGE_INTESTINE	63	0.2636	414	Primary	colorectal
MB157_BREAST	48			Metastasis	breast
MCF7_BREAST	69	0.6269	495	Metastasis	breast
MDAMB134VI_BREAST	47	0.3004	163	Metastasis	breast
MDAMB157_BREAST	44	0.6	445	Metastasis	breast
MDAMB175VII_BREAST	56	0.4968	346	Metastasis	breast
MDAMB231_BREAST	51	0.4271	423	Metastasis	breast
MDAMB361_BREAST	40	0.7182	1255	Metastasis	breast
MDAMB415_BREAST	38	0.5616	758	Metastasis	breast
MDAMB436_BREAST	43	0.9615	383	Metastasis	breast
MDAMB453_BREAST	48	0.3994	859	Metastasis	breast
MDAMB468_BREAST	51	0.7639	409	Metastasis	breast
MDST8_LARGE_INTESTINE		0.5583	776	Primary	colorectal
NCIH508_LARGE_INTESTINE	55	0.4813	319	Metastasis	colorectal
NCIH716_LARGE_INTESTINE	33	0.6137	421	Metastasis	colorectal
NCIH747_LARGE_INTESTINE	69	0.6423	185	Metastasis	colorectal
OUMS23_LARGE_INTESTINE		0.5013	340	Primary	colorectal
RCM1_LARGE_INTESTINE	73	0.4152	382	Primary	colorectal
RKO_LARGE_INTESTINE		0.1421	3426	Primary	colorectal
SKBR3_BREAST	43	0.6298	205	Metastasis	breast
SKCO1_LARGE_INTESTINE	65	0.552	293	Primary	colorectal
SNU1033_LARGE_INTESTINE	45	0.4968	232	Primary	colorectal
SNU1040_LARGE_INTESTINE	34	0.06	19144	Primary	colorectal
SNU1197_LARGE_INTESTINE	70	0.3972	233	Primary	colorectal
SNU175_LARGE_INTESTINE	56	0.0927	5505	Primary	colorectal
SNU283_LARGE_INTESTINE	62	0.6553	276	Primary	colorectal
SNU407_LARGE_INTESTINE	37	0.0895	2636	Metastasis	colorectal
SNU503_LARGE_INTESTINE	52	0.7392	445	Primary	colorectal
SNU61_LARGE_INTESTINE	48	0.6623	239	Primary	colorectal
SNU81_LARGE_INTESTINE	53	0.0815	7457	Primary	colorectal
SNUC1_LARGE_INTESTINE	71	0.5149	461	Metastasis	colorectal
SNUC2A_LARGE_INTESTINE	43	0.1034	3116	Primary	colorectal
SNUC2B_LARGE_INTESTINE	43		2584	Primary	colorectal
SNUC4_LARGE_INTESTINE	35	0.0337	2203	Primary	colorectal
SNUC5_LARGE_INTESTINE	77	0.0966	2995	Primary	colorectal
SW1116_LARGE_INTESTINE	73	0.6339	353	Primary	colorectal
SW1417_LARGE_INTESTINE	53	0.5683	250	Primary	colorectal
SW1463_LARGE_INTESTINE	66	0.4182	394	Primary	colorectal
SW403_LARGE_INTESTINE	51	0.4759	390	Primary	colorectal
SW480_LARGE_INTESTINE	50	0.9221	564	Primary	colorectal
SW48_LARGE_INTESTINE	82	0.1111	2764	Primary	colorectal
SW620_LARGE_INTESTINE	51	0.2891	531	Metastasis	colorectal
SW837_LARGE_INTESTINE	53	0.3515	223	Primary	colorectal
SW948_LARGE_INTESTINE	81	0.588	440	Primary	colorectal
T47D_BREAST	54	0.8428	152	Metastasis	breast
T84_LARGE_INTESTINE	72	0.5082	375	Metastasis	colorectal
UACC812_BREAST	43	0.5289	319	Primary	breast
UACC893_BREAST	57	0.7111	404	Primary	breast
YMB1_BREAST	63	0.3994		Primary	breast
ZR751_BREAST	63	0.3956	251	Metastasis	breast
ZR7530_BREAST	47	0.4669	387	Metastasis	breast